Workbook

Sheet M&E Plan
A3: Category | B3: Indicators | C3: Indicator calculation /definition | D3: Baseline | E3: Total target (15) | F3: Means of verification (MoV) or data Source | G3: Frequency of data collection | H3: Frequency of reporting | I3: Data collection responsible | J3: Data analysis responsible
A4: Maternal and New Born Care | B4: ANCs | C4: # of antenatal consultations provided during the period. | D4: 64328 | E4: 261099.53 | F4: Reports (FMR, Monthly report, Quarterly report , DHIS 2 monthly report and HMIS quarterly report, supervision/ monitoring data) | G4: Weekly | H4: Monthly | I4: Staff | J4: M&E head
B5: l Deliveries | C5: # of safe/normal deliveries provided during the period. | D5: 11797 | E5: 41618.574 | F5: Reports (FMR, Monthly report, Quarterly report , DHIS 2 monthly report and HMIS quarterly report, supervision/ monitoring data) | G5: Weekly | H5: Monthly | I5: Staff | J5: M&E head
B6: PNCs | C6: # of postnatal care/consulations provided during the period. | D6: 28208 | E6: 112539.61 | F6: Reports (FMR, Monthly report, Quarterly report , DHIS 2 monthly report and HMIS quarterly report, supervision/ monitoring data) | G6: Weekly | H6: Monthly | I6: Staff | J6: M&E head
B7: CS | C7: # of ceasarian section surgeries performed during the period. | D7: 369 | E7: 3659.5431 | G7: Weekly | H7: Monthly | I7: Staff | J7: M&E head
B8: CYP | C8: # of contraceptive methods/tools distributed during the specified period. | D8: 16682 | E8: 30840.45 | G8: Weekly | H8: Monthly | I8: Staff | J8: M&E head
A9: Major Surgeries | B9: Child Morbidity | C9: # of major surgeries other than C/S performed during the period. | D9: 2191 | E9: 696187.13 | G9: Weekly | H9: Monthly | I9: Staff | J9: M&E head
A10: Child Health and Immunization | B10: GMP/IYCF | C10: # of under five children received IMNCI services. | D10: 375918 | E10: 409052.85 | F10: Reports (FMR, Monthly report, Quarterly report , DHIS 2 monthly report and HMIS quarterly report, supervision/ monitoring data) | G10: Weekly | H10: Monthly | I10: Staff | J10: M&E head
B11: PENTA3 | C11: # of TT2+ vaccines administered to pregnant and non-pregnant women. | D11: 54601 | E11: 56004.085 | G11: Weekly | H11: Monthly | I11: Staff | J11: M&E head
A12: Public Nutrition | B12: TT2+ | C12: # of children received GMP/IYCF services during the period. | D12: 110069 | E12: 142374.37 | F12: Reports (FMR, Monthly report, Quarterly report , DHIS 2 monthly report and HMIS quarterly report, supervision/ monitoring data) | G12: Weekly | H12: Monthly | I12: Staff | J12: M&E head
A13: TB | B13: # of TB cases treated | C13: # of TB cases treated during the period. | D13: 202 | E13: 554.93652 | G13: Weekly | H13: Monthly | I13: Staff | J13: M&E head

Sheet IPTT_BDK
A3: S/N | B3: Indicators | C3: Total Target | E3: Monthly Target | M3: 2025 | S3: 2026 | AS3: Quarterly Analysis Q4 2025 | AY3: Quartelry Analysis Q1 2026 | BE3: Quartelry Analysis Q2 2026 | BK3: Quartelry Analysis Q3 2026 | BP3: Quartelry Analysis Q4 2026 | BV3: Cumulative Analysis October 2025-December 2026 | CB3: Variance between Target and Performance (DIHI2 report)
D4: Quarterly Target | F4: First Quarter Target ( Feb&Mar) | I4: Quartely Target | M4: 45931 | O4: 45962 | Q4: 45992 | S4: 46023 | U4: 46054 | W4: 46082 | Y4: 46113 | AA4: 46143 | AC4: 46174 | AE4: 46204 | AG4: 46235 | AI4: 46266 | AK4: 46296 | AM4: 46327 | AO4: 46357 | AS4: Q 1 (March_DHIS2 rerorted) | AV4: TPM Verified | AY4: Q 2 (Apr-Jun_DHIS2 reported) | BB4: TPM Verified | BE4: Q 3 (July-Sep_DHIS2 reported) | BH4: TPM Verified | BK4: Q 4 (Oct-Dec_DHIS2 reported) | BN4: TPM Verified | BP4: Q 1 (Jan-March_DHIS2 reported) | BS4: TPM Verified | BV4: Total Target | BW4: DIHS2 Reported | BY4: TPM Verified
F5: Min | G5: Index | H5: Cap | I5: Min | J5: Index | K5: Cap | M5: # | N5: % | O5: # | P5: % | Q5: # | R5: % | S5: # | T5: % | U5: # | V5: % | W5: # | X5: % | Y5: # | Z5: % | AA5: # | AB5: % | AC5: # | AD5: % | AE5: # | AF5: % | AG5: # | AH5: % | AI5: # | AJ5: % | AK5: # | AL5: % | AM5: # | AN5: % | AO5: # | AP5: % | AS5: Q T | AT5: # | AU5: % | AV5: # | AW5: % | AY5: Q T | AZ5: # | BA5: % | BB5: # | BC5: % | BE5: Q T | BF5: # | BG5: % | BH5: # | BI5: % | BK5: Q T | BL5: # | BM5: % | BN5: # | BO5: % | BP5: Q T | BQ5: # | BR5: % | BS5: # | BT5: % | BW5: # | BX5: % | BY5: # | BZ5: % | CB5: # | CC5: %
A7: 1 | B7: ANCs | C7: 261099.53 | D7: =C7/5 -> 52219.905 | E7: =C7/15 -> 17406.635 | F7: =#REF!/11*2 -> #REF! | G7: =#REF!/11*2 -> #REF! | H7: =C7/11*2 -> 47472.641 | I7: =#REF!/11*3 -> #REF! | J7: =#REF!/11*3 -> #REF! | K7: =C7/11*3 -> 71208.962 | M7: 18674 | N7: =M7/E7 -> 1.0728093 | O7: 17615 | P7: =O7/E7 -> 1.0119704 | Q7: 17679 | R7: =Q7/E7 -> 1.0156472 | T7: =S7/E7 -> 0 | V7: =U7/E7 -> 0 | X7: =W7/E7 -> 0 | Z7: =Y7/E7 -> 0 | AB7: =AA7/E7 -> 0 | AD7: =AC7/E7 -> 0 | AF7: =AE7/E7 -> 0 | AH7: =AG7/E7 -> 0 | AJ7: =AI7/E7 -> 0 | AL7: =AK7/E7 -> 0 | AN7: =AM7/K7 -> 0 | AP7: =AO7/K7 -> 0 | AS7: =E7 -> 17406.635 | AT7: =M7 -> 18674 | AU7: =AT7/AS7 -> 1.0728093 | AY7: =E7*3 -> 52219.905 | AZ7: =O7+Q7+S7 -> 35294 | BA7: =AZ7/AY7 -> 0.67587254 | BE7: =E7*3 -> 52219.905 | BF7: =U7+W7+Y7 -> 0 | BG7: =BF7/BE7 -> 0 | BK7: =E7*3 -> 52219.905 | BL7: =AA7+AC7+AE7 -> 0 | BM7: =BL7/BK7 -> 0 | BP7: =E7*3 -> 52219.905 | BQ7: =AG7+AI7+AK7 -> 0 | BR7: =BQ7/BP7 -> 0 | BV7: =C7 -> 261099.53 | BW7: =M7+O7+Q7+S7+U7+W7+Y7+AA7+AC7+AE7+AG7+AI7+AK7 -> 53968 | BX7: =BW7/BV7 -> 0.20669513 | CB7: =BV7-BW7 -> 207131.53 | CC7: =CB7/BV7 -> 0.79330487
A8: 2 | B8: l Deliveries | C8: 41618.574 | D8: =C8/5 -> 8323.7148 | E8: =C8/15 -> 2774.5716 | F8: =#REF!/11*2 -> #REF! | G8: =#REF!/11*2 -> #REF! | H8: =C8/11*2 -> 7567.0134 | I8: =#REF!/11*3 -> #REF! | J8: =#REF!/11*3 -> #REF! | K8: =C8/11*3 -> 11350.52 | M8: 3225 | N8: =M8/E8 -> 1.1623416 | O8: 2810 | P8: =O8/E8 -> 1.012769 | Q8: 2905 | R8: =Q8/E8 -> 1.0470085 | T8: =S8/E8 -> 0 | V8: =U8/E8 -> 0 | X8: =W8/E8 -> 0 | Z8: =Y8/E8 -> 0 | AB8: =AA8/E8 -> 0 | AD8: =AC8/E8 -> 0 | AF8: =AE8/E8 -> 0 | AH8: =AG8/E8 -> 0 | AJ8: =AI8/E8 -> 0 | AL8: =AK8/E8 -> 0 | AN8: =AM8/K8 -> 0 | AP8: =AO8/K8 -> 0 | AS8: =E8 -> 2774.5716 | AT8: =M8 -> 3225 | AU8: =AT8/AS8 -> 1.1623416 | AY8: =E8*3 -> 8323.7148 | AZ8: =O8+Q8+S8 -> 5715 | BA8: =AZ8/AY8 -> 0.68659248 | BE8: =E8*3 -> 8323.7148 | BF8: =U8+W8+Y8 -> 0 | BG8: =BF8/BE8 -> 0 | BK8: =E8*3 -> 8323.7148 | BL8: =AA8+AC8+AE8 -> 0 | BM8: =BL8/BK8 -> 0 | BP8: =E8*3 -> 8323.7148 | BQ8: =AG8+AI8+AK8 -> 0 | BR8: =BQ8/BP8 -> 0 | BV8: =C8 -> 41618.574 | BW8: =M8+O8+Q8+S8+U8+W8+Y8+AA8+AC8+AE8+AG8+AI8+AK8 -> 8940 | BX8: =BW8/BV8 -> 0.21480794 | CB8: =BV8-BW8 -> 32678.574 | CC8: =CB8/BV8 -> 0.78519206
A9: 3 | B9: PNCs | C9: 112539.61 | D9: =C9/5 -> 22507.921 | E9: =C9/15 -> 7502.6405 | F9: =#REF!/11*2 -> #REF! | G9: =#REF!/11*2 -> #REF! | H9: =C9/11*2 -> 20461.747 | I9: =#REF!/11*3 -> #REF! | J9: =#REF!/11*3 -> #REF! | K9: =C9/11*3 -> 30692.62 | M9: 8330 | N9: =M9/E9 -> 1.1102758 | O9: 7752 | P9: =O9/E9 -> 1.0332362 | Q9: 8071 | R9: =Q9/E9 -> 1.0757546 | T9: =S9/E9 -> 0 | V9: =U9/E9 -> 0 | X9: =W9/E9 -> 0 | Z9: =Y9/E9 -> 0 | AB9: =AA9/E9 -> 0 | AD9: =AC9/E9 -> 0 | AF9: =AE9/E9 -> 0 | AH9: =AG9/E9 -> 0 | AJ9: =AI9/E9 -> 0 | AL9: =AK9/E9 -> 0 | AN9: =AM9/K9 -> 0 | AP9: =AO9/K9 -> 0 | AS9: =E9 -> 7502.6405 | AT9: =M9 -> 8330 | AU9: =AT9/AS9 -> 1.1102758 | AY9: =E9*3 -> 22507.921 | AZ9: =O9+Q9+S9 -> 15823 | BA9: =AZ9/AY9 -> 0.70299695 | BE9: =E9*3 -> 22507.921 | BF9: =U9+W9+Y9 -> 0 | BG9: =BF9/BE9 -> 0 | BK9: =E9*3 -> 22507.921 | BL9: =AA9+AC9+AE9 -> 0 | BM9: =BL9/BK9 -> 0 | BP9: =E9*3 -> 22507.921 | BQ9: =AG9+AI9+AK9 -> 0 | BR9: =BQ9/BP9 -> 0 | BV9: =C9 -> 112539.61 | BW9: =M9+O9+Q9+S9+U9+W9+Y9+AA9+AC9+AE9+AG9+AI9+AK9 -> 24153 | BX9: =BW9/BV9 -> 0.21461777 | CB9: =BV9-BW9 -> 88386.607 | CC9: =CB9/BV9 -> 0.78538223
A10: 4 | B10: CS | C10: 3659.5431 | D10: =C10/5 -> 731.90861 | E10: =C10/15 -> 243.96954 | F10: =#REF!/11*2 -> #REF! | G10: =#REF!/11*2 -> #REF! | H10: =C10/11*2 -> 665.37146 | I10: =#REF!/11*3 -> #REF! | J10: =#REF!/11*3 -> #REF! | K10: =C10/11*3 -> 998.0572 | M10: 311 | N10: =M10/E10 -> 1.2747493 | O10: 227 | P10: =O10/E10 -> 0.93044403 | Q10: 286 | R10: =Q10/E10 -> 1.1722775 | T10: =S10/E10 -> 0 | V10: =U10/E10 -> 0 | X10: =W10/E10 -> 0 | Z10: =Y10/E10 -> 0 | AB10: =AA10/E10 -> 0 | AD10: =AC10/E10 -> 0 | AF10: =AE10/E10 -> 0 | AH10: =AG10/E10 -> 0 | AJ10: =AI10/E10 -> 0 | AL10: =AK10/E10 -> 0 | AN10: =AM10/K10 -> 0 | AP10: =AO10/K10 -> 0 | AS10: =E10 -> 243.96954 | AT10: =M10 -> 311 | AU10: =AT10/AS10 -> 1.2747493 | AY10: =E10*3 -> 731.90861 | AZ10: =O10+Q10+S10 -> 513 | BA10: =AZ10/AY10 -> 0.70090718 | BE10: =E10*3 -> 731.90861 | BF10: =U10+W10+Y10 -> 0 | BG10: =BF10/BE10 -> 0 | BK10: =E10*3 -> 731.90861 | BL10: =AA10+AC10+AE10 -> 0 | BM10: =BL10/BK10 -> 0 | BP10: =E10*3 -> 731.90861 | BQ10: =AG10+AI10+AK10 -> 0 | BR10: =BQ10/BP10 -> 0 | BV10: =C10 -> 3659.5431 | BW10: =M10+O10+Q10+S10+U10+W10+Y10+AA10+AC10+AE10+AG10+AI10+AK10 -> 824 | BX10: =BW10/BV10 -> 0.22516472 | CB10: =BV10-BW10 -> 2835.5431 | CC10: =CB10/BV10 -> 0.77483528
A11: 5 | B11: CYP | C11: 30840.45 | D11: =C11/5 -> 6168.09 | E11: =C11/15 -> 2056.03 | F11: =#REF!/11*2 -> #REF! | G11: =#REF!/11*2 -> #REF! | H11: =C11/11*2 -> 5607.3546 | I11: =#REF!/11*3 -> #REF! | J11: =#REF!/11*3 -> #REF! | K11: =C11/11*3 -> 8411.0319 | M11: 2128 | N11: =M11/E11 -> 1.0350043 | O11: 1890 | P11: =O11/E11 -> 0.91924728 | Q11: 2135 | R11: =Q11/E11 -> 1.038409 | T11: =S11/E11 -> 0 | V11: =U11/E11 -> 0 | X11: =W11/E11 -> 0 | Z11: =Y11/E11 -> 0 | AB11: =AA11/E11 -> 0 | AD11: =AC11/E11 -> 0 | AF11: =AE11/E11 -> 0 | AH11: =AG11/E11 -> 0 | AJ11: =AI11/E11 -> 0 | AL11: =AK11/E11 -> 0 | AN11: =AM11/K11 -> 0 | AP11: =AO11/K11 -> 0 | AS11: =E11 -> 2056.03 | AT11: =M11 -> 2128 | AU11: =AT11/AS11 -> 1.0350043 | AY11: =E11*3 -> 6168.09 | AZ11: =O11+Q11+S11 -> 4025 | BA11: =AZ11/AY11 -> 0.65255208 | BE11: =E11*3 -> 6168.09 | BF11: =U11+W11+Y11 -> 0 | BG11: =BF11/BE11 -> 0 | BK11: =E11*3 -> 6168.09 | BL11: =AA11+AC11+AE11 -> 0 | BM11: =BL11/BK11 -> 0 | BP11: =E11*3 -> 6168.09 | BQ11: =AG11+AI11+AK11 -> 0 | BR11: =BQ11/BP11 -> 0 | BV11: =C11 -> 30840.45 | BW11: =M11+O11+Q11+S11+U11+W11+Y11+AA11+AC11+AE11+AG11+AI11+AK11 -> 6153 | BX11: =BW11/BV11 -> 0.19951071 | CB11: =BV11-BW11 -> 24687.45 | CC11: =CB11/BV11 -> 0.80048929
A12: 6 | B12: Child Morbidity | C12: 696187.13 | D12: =C12/5 -> 139237.43 | E12: =C12/15 -> 46412.475 | F12: =#REF!/11*2 -> #REF! | G12: =#REF!/11*2 -> #REF! | H12: =C12/11*2 -> 126579.48 | I12: =#REF!/11*3 -> #REF! | J12: =#REF!/11*3 -> #REF! | K12: =C12/11*3 -> 189869.22 | M12: 48960 | N12: =M12/E12 -> 1.0548888 | O12: 45656 | P12: =O12/E12 -> 0.98370104 | Q12: 54624 | R12: =Q12/E12 -> 1.1769249 | T12: =S12/E12 -> 0 | V12: =U12/E12 -> 0 | X12: =W12/E12 -> 0 | Z12: =Y12/E12 -> 0 | AB12: =AA12/E12 -> 0 | AD12: =AC12/E12 -> 0 | AF12: =AE12/E12 -> 0 | AH12: =AG12/E12 -> 0 | AJ12: =AI12/E12 -> 0 | AL12: =AK12/E12 -> 0 | AN12: =AM12/K12 -> 0 | AP12: =AO12/K12 -> 0 | AS12: =E12 -> 46412.475 | AT12: =M12 -> 48960 | AU12: =AT12/AS12 -> 1.0548888 | AY12: =E12*3 -> 139237.43 | AZ12: =O12+Q12+S12 -> 100280 | BA12: =AZ12/AY12 -> 0.72020866 | BE12: =E12*3 -> 139237.43 | BF12: =U12+W12+Y12 -> 0 | BG12: =BF12/BE12 -> 0 | BK12: =E12*3 -> 139237.43 | BL12: =AA12+AC12+AE12 -> 0 | BM12: =BL12/BK12 -> 0 | BP12: =E12*3 -> 139237.43 | BQ12: =AG12+AI12+AK12 -> 0 | BR12: =BQ12/BP12 -> 0 | BV12: =C12 -> 696187.13 | BW12: =M12+O12+Q12+S12+U12+W12+Y12+AA12+AC12+AE12+AG12+AI12+AK12 -> 149240 | BX12: =BW12/BV12 -> 0.21436765 | CB12: =BV12-BW12 -> 546947.13 | CC12: =CB12/BV12 -> 0.78563235
A13: 7 | B13: GMP/IYCF | C13: 409052.85 | D13: =C13/5 -> 81810.57 | E13: =C13/15 -> 27270.19 | F13: =#REF!/11*2 -> #REF! | G13: =#REF!/11*2 -> #REF! | H13: =C13/11*2 -> 74373.245 | I13: =#REF!/11*3 -> #REF! | J13: =#REF!/11*3 -> #REF! | K13: =C13/11*3 -> 111559.87 | M13: 28290 | N13: =M13/E13 -> 1.0373965 | O13: 27484 | P13: =O13/E13 -> 1.0078404 | Q13: 27306 | R13: =Q13/E13 -> 1.0013132 | T13: =S13/E13 -> 0 | V13: =U13/E13 -> 0 | X13: =W13/E13 -> 0 | Z13: =Y13/E13 -> 0 | AB13: =AA13/E13 -> 0 | AD13: =AC13/E13 -> 0 | AF13: =AE13/E13 -> 0 | AH13: =AG13/E13 -> 0 | AJ13: =AI13/E13 -> 0 | AL13: =AK13/E13 -> 0 | AN13: =AM13/K13 -> 0 | AP13: =AO13/K13 -> 0 | AS13: =E13 -> 27270.19 | AT13: =M13 -> 28290 | AU13: =AT13/AS13 -> 1.0373965 | AY13: =E13*3 -> 81810.57 | AZ13: =O13+Q13+S13 -> 54790 | BA13: =AZ13/AY13 -> 0.66971786 | BE13: =E13*3 -> 81810.57 | BF13: =U13+W13+Y13 -> 0 | BG13: =BF13/BE13 -> 0 | BK13: =E13*3 -> 81810.57 | BL13: =AA13+AC13+AE13 -> 0 | BM13: =BL13/BK13 -> 0 | BP13: =E13*3 -> 81810.57 | BQ13: =AG13+AI13+AK13 -> 0 | BR13: =BQ13/BP13 -> 0 | BV13: =C13 -> 409052.85 | BW13: =M13+O13+Q13+S13+U13+W13+Y13+AA13+AC13+AE13+AG13+AI13+AK13 -> 83080 | BX13: =BW13/BV13 -> 0.20310334 | CB13: =BV13-BW13 -> 325972.85 | CC13: =CB13/BV13 -> 0.79689666
A14: 8 | B14: PENTA3 | C14: 56004.085 | D14: =C14/5 -> 11200.817 | E14: =C14/15 -> 3733.6057 | F14: =#REF!/11*2 -> #REF! | G14: =#REF!/11*2 -> #REF! | H14: =C14/11*2 -> 10182.561 | I14: =#REF!/11*3 -> #REF! | J14: =#REF!/11*3 -> #REF! | K14: =C14/11*3 -> 15273.841 | M14: 3221 | N14: =M14/E14 -> 0.86270492 | O14: 3718 | P14: =O14/E14 -> 0.99582021 | Q14: 3729 | R14: =Q14/E14 -> 0.99876643 | T14: =S14/E14 -> 0 | V14: =U14/E14 -> 0 | X14: =W14/E14 -> 0 | Z14: =Y14/E14 -> 0 | AB14: =AA14/E14 -> 0 | AD14: =AC14/E14 -> 0 | AF14: =AE14/E14 -> 0 | AH14: =AG14/E14 -> 0 | AJ14: =AI14/E14 -> 0 | AL14: =AK14/E14 -> 0 | AN14: =AM14/K14 -> 0 | AP14: =AO14/K14 -> 0 | AS14: =E14 -> 3733.6057 | AT14: =M14 -> 3221 | AU14: =AT14/AS14 -> 0.86270492 | AY14: =E14*3 -> 11200.817 | AZ14: =O14+Q14+S14 -> 7447 | BA14: =AZ14/AY14 -> 0.66486221 | BE14: =E14*3 -> 11200.817 | BF14: =U14+W14+Y14 -> 0 | BG14: =BF14/BE14 -> 0 | BK14: =E14*3 -> 11200.817 | BL14: =AA14+AC14+AE14 -> 0 | BM14: =BL14/BK14 -> 0 | BP14: =E14*3 -> 11200.817 | BQ14: =AG14+AI14+AK14 -> 0 | BR14: =BQ14/BP14 -> 0 | BV14: =C14 -> 56004.085 | BW14: =M14+O14+Q14+S14+U14+W14+Y14+AA14+AC14+AE14+AG14+AI14+AK14 -> 10668 | BX14: =BW14/BV14 -> 0.1904861 | CB14: =BV14-BW14 -> 45336.085 | CC14: =CB14/BV14 -> 0.8095139
A15: 9 | B15: TT2+ | C15: 142374.37 | D15: =C15/5 -> 28474.874 | E15: =C15/15 -> 9491.6246 | F15: =#REF!/11*2 -> #REF! | G15: =#REF!/11*2 -> #REF! | H15: =C15/11*2 -> 25886.249 | I15: =#REF!/11*3 -> #REF! | J15: =#REF!/11*3 -> #REF! | K15: =C15/11*3 -> 38829.373 | M15: 5898 | N15: =M15/E15 -> 0.62138994 | O15: 8612 | P15: =O15/E15 -> 0.90732624 | Q15: 8707 | R15: =Q15/E15 -> 0.91733506 | T15: =S15/E15 -> 0 | V15: =U15/E15 -> 0 | X15: =W15/E15 -> 0 | Z15: =Y15/E15 -> 0 | AB15: =AA15/E15 -> 0 | AD15: =AC15/E15 -> 0 | AF15: =AE15/E15 -> 0 | AH15: =AG15/E15 -> 0 | AJ15: =AI15/E15 -> 0 | AL15: =AK15/E15 -> 0 | AN15: =AM15/K15 -> 0 | AP15: =AO15/K15 -> 0 | AS15: =E15 -> 9491.6246 | AT15: =M15 -> 5898 | AU15: =AT15/AS15 -> 0.62138994 | AY15: =E15*3 -> 28474.874 | AZ15: =O15+Q15+S15 -> 17319 | BA15: =AZ15/AY15 -> 0.60822043 | BE15: =E15*3 -> 28474.874 | BF15: =U15+W15+Y15 -> 0 | BG15: =BF15/BE15 -> 0 | BK15: =E15*3 -> 28474.874 | BL15: =AA15+AC15+AE15 -> 0 | BM15: =BL15/BK15 -> 0 | BP15: =E15*3 -> 28474.874 | BQ15: =AG15+AI15+AK15 -> 0 | BR15: =BQ15/BP15 -> 0 | BV15: =C15 -> 142374.37 | BW15: =M15+O15+Q15+S15+U15+W15+Y15+AA15+AC15+AE15+AG15+AI15+AK15 -> 23217 | BX15: =BW15/BV15 -> 0.16307008 | CB15: =BV15-BW15 -> 119157.37 | CC15: =CB15/BV15 -> 0.83692992
A16: 10 | B16: # of TB cases treated | C16: 554.93652 | D16: =C16/5 -> 110.9873 | E16: =C16/15 -> 36.995768 | F16: =#REF!/11*2 -> #REF! | G16: =#REF!/11*2 -> #REF! | H16: =C16/11*2 -> 100.89755 | I16: =#REF!/11*3 -> #REF! | J16: =#REF!/11*3 -> #REF! | K16: =C16/11*3 -> 151.34632 | M16: 44 | N16: =M16/E16 -> 1.1893252 | O16: 41 | P16: =O16/E16 -> 1.1082349 | Q16: 44 | R16: =Q16/E16 -> 1.1893252 | T16: =S16/E16 -> 0 | V16: =U16/E16 -> 0 | X16: =W16/E16 -> 0 | Z16: =Y16/E16 -> 0 | AB16: =AA16/E16 -> 0 | AD16: =AC16/E16 -> 0 | AF16: =AE16/E16 -> 0 | AH16: =AG16/E16 -> 0 | AJ16: =AI16/E16 -> 0 | AL16: =AK16/E16 -> 0 | AN16: =AM16/K16 -> 0 | AP16: =AO16/K16 -> 0 | AS16: =E16 -> 36.995768 | AT16: =M16 -> 44 | AU16: =AT16/AS16 -> 1.1893252 | AY16: =E16*3 -> 110.9873 | AZ16: =O16+Q16+S16 -> 85 | BA16: =AZ16/AY16 -> 0.76585336 | BE16: =E16*3 -> 110.9873 | BF16: =U16+W16+Y16 -> 0 | BG16: =BF16/BE16 -> 0 | BK16: =E16*3 -> 110.9873 | BL16: =AA16+AC16+AE16 -> 0 | BM16: =BL16/BK16 -> 0 | BP16: =E16*3 -> 110.9873 | BQ16: =AG16+AI16+AK16 -> 0 | BR16: =BQ16/BP16 -> 0 | BV16: =C16 -> 554.93652 | BW16: =M16+O16+Q16+S16+U16+W16+Y16+AA16+AC16+AE16+AG16+AI16+AK16 -> 129 | BX16: =BW16/BV16 -> 0.23245902 | CB16: =BV16-BW16 -> 425.93652 | CC16: =CB16/BV16 -> 0.76754098

Sheet Analysis 
A2: Cumulative KPI data
A3: Indicators | B3: Total Target | C3: # Performance | D3: % Reached
A4: ANCs | B4: =IPTT_BDK!C7 -> 261099.53 | C4: =IPTT_BDK!BW7 -> 53968 | D4: =C4/B4 -> 0.20669513
A5: l Deliveries | B5: =IPTT_BDK!C8 -> 41618.574 | C5: =IPTT_BDK!BW8 -> 8940 | D5: =C5/B5 -> 0.21480794
A6: PNCs | B6: =IPTT_BDK!C9 -> 112539.61 | C6: =IPTT_BDK!BW9 -> 24153 | D6: =C6/B6 -> 0.21461777
A7: CS | B7: =IPTT_BDK!C10 -> 3659.5431 | C7: =IPTT_BDK!BW10 -> 824 | D7: =C7/B7 -> 0.22516472
A8: CYP | B8: =IPTT_BDK!C11 -> 30840.45 | C8: =IPTT_BDK!BW11 -> 6153 | D8: =C8/B8 -> 0.19951071
A9: Child Morbidity | B9: =IPTT_BDK!C12 -> 696187.13 | C9: =IPTT_BDK!BW12 -> 149240 | D9: =C9/B9 -> 0.21436765
A10: GMP/IYCF | B10: =IPTT_BDK!C13 -> 409052.85 | C10: =IPTT_BDK!BW13 -> 83080 | D10: =C10/B10 -> 0.20310334
A11: Major Surgery | B11: =IPTT_BDK!#REF! -> #REF! | C11: =IPTT_BDK!#REF! -> #REF! | D11: =C11/B11 -> #REF!
A12: PENTA3 | B12: =IPTT_BDK!C14 -> 56004.085 | C12: =IPTT_BDK!BW14 -> 10668 | D12: =C12/B12 -> 0.1904861
A13: TT2+ | B13: =IPTT_BDK!C15 -> 142374.37 | C13: =IPTT_BDK!BW15 -> 23217 | D13: =C13/B13 -> 0.16307008
A14: # of TB cases treated | B14: =IPTT_BDK!C16 -> 554.93652 | C14: =IPTT_BDK!BW16 -> 129 | D14: =C14/B14 -> 0.23245902
